,bodyId
0,1589623172
1,2148238726
2,1932372234
3,1682029198
4,1807886991
5,1588924177
6,1745817746
7,5813034259
8,2400619285
9,1434781592
10,2025140249
11,2087892251
12,1714778140
13,1901328546
14,2024812451
15,5901203492
16,1775474727
17,2026832940
18,1869282994
19,1404083892
20,1682732726
21,1588919478
22,1559603768
23,2089239229
24,1621336765
25,1496851009
26,1403737545
27,1808227800
28,2182684760
29,1961688670
30,2151313375
31,2117203807
32,2088223973
33,1869287910
34,1465807975
35,5813079537
36,1931693938
37,1930649203
38,2025480565
39,1745812982
40,1745476087
41,1683742973
43,1620300671
